{"cameraMode":{"drawMode":0,"name":"Shaded","section":"Shading Mode"},"sceneLighting":true,"audioPlay":false,"sceneViewState":{"showFog":true,"showMaterialUpdate":true,"showSkybox":true,"showFlares":true,"showImageEffects":true,"showParticleSystems":true},"in2DMode":false,"pivot":{"x":177.00865173339845,"y":-39.12254333496094,"z":70.64636993408203},"rotation":{"x":0.1415565460920334,"y":-0.07248444855213165,"z":0.011743558570742607,"w":0.9873328804969788},"size":19.21550178527832,"orthographic":false}