{"cameraMode":{"drawMode":0,"name":"Shaded","section":"Shading Mode"},"sceneLighting":false,"audioPlay":false,"sceneViewState":{"showFog":true,"showMaterialUpdate":true,"showSkybox":false,"showFlares":true,"showImageEffects":true,"showParticleSystems":true},"in2DMode":false,"pivot":{"x":-15.891255378723145,"y":3.1814944744110109,"z":2.6279072761535646},"rotation":{"x":-0.06892712414264679,"y":-0.03443804383277893,"z":-0.001931465812958777,"w":0.99713534116745},"size":2.042005777359009,"orthographic":false}