{"cameraMode":{"drawMode":0,"name":"Shaded","section":"Shading Mode"},"sceneLighting":true,"audioPlay":false,"sceneViewState":{"showFog":true,"showMaterialUpdate":true,"showSkybox":true,"showFlares":true,"showImageEffects":true,"showParticleSystems":true},"in2DMode":false,"pivot":{"x":-53.41889572143555,"y":-74.69644165039063,"z":80.40196228027344},"rotation":{"x":-0.02679423987865448,"y":0.08086518198251724,"z":0.0036329086869955065,"w":0.9964939951896668},"size":21.173059463500978,"orthographic":false}