{"cameraMode":{"drawMode":0,"name":"Shaded","section":"Shading Mode"},"sceneLighting":false,"audioPlay":false,"sceneViewState":{"showFog":true,"showMaterialUpdate":true,"showSkybox":false,"showFlares":true,"showImageEffects":true,"showParticleSystems":true},"in2DMode":false,"pivot":{"x":-14.844969749450684,"y":3.160184383392334,"z":2.4580469131469728},"rotation":{"x":0.2000269889831543,"y":-0.22253596782684327,"z":0.047327011823654178,"w":0.9531317353248596},"size":0.3073950409889221,"orthographic":false}