{"cameraMode":{"drawMode":0,"name":"Shaded","section":"Shading Mode"},"sceneLighting":false,"audioPlay":false,"sceneViewState":{"showFog":true,"showMaterialUpdate":true,"showSkybox":false,"showFlares":true,"showImageEffects":true,"showParticleSystems":true},"in2DMode":false,"pivot":{"x":-16.265762329101564,"y":2.8626840114593508,"z":2.6943063735961916},"rotation":{"x":0.12827903032302857,"y":0.5372134447097778,"z":-0.08232370764017105,"w":0.8297007083892822},"size":0.76213538646698,"orthographic":false}