{"cameraMode":{"drawMode":0,"name":"Shaded","section":"Shading Mode"},"sceneLighting":false,"audioPlay":false,"sceneViewState":{"showFog":true,"showMaterialUpdate":true,"showSkybox":false,"showFlares":true,"showImageEffects":true,"showParticleSystems":true},"in2DMode":false,"pivot":{"x":-14.847999572753907,"y":3.200000047683716,"z":2.809000015258789},"rotation":{"x":0.020293204113841058,"y":-0.233287513256073,"z":0.005433429963886738,"w":0.9722986817359924},"size":1.5073950290679932,"orthographic":false}