{"cameraMode":{"drawMode":0,"name":"Shaded","section":"Shading Mode"},"sceneLighting":true,"audioPlay":false,"sceneViewState":{"showFog":true,"showMaterialUpdate":true,"showSkybox":true,"showFlares":true,"showImageEffects":true,"showParticleSystems":true},"in2DMode":false,"pivot":{"x":-62.5976676940918,"y":-64.73103332519531,"z":71.02743530273438},"rotation":{"x":0.0689539760351181,"y":0.0030320354271680118,"z":0.00024481129366904497,"w":0.9977253675460815},"size":22.20928192138672,"orthographic":false}