{"cameraMode":{"drawMode":0,"name":"Shaded","section":"Shading Mode"},"sceneLighting":false,"audioPlay":false,"sceneViewState":{"showFog":true,"showMaterialUpdate":true,"showSkybox":false,"showFlares":true,"showImageEffects":true,"showParticleSystems":true},"in2DMode":false,"pivot":{"x":-15.13287353515625,"y":17.373565673828126,"z":0.0},"rotation":{"x":0.022311344742774965,"y":-0.07934986054897309,"z":0.0032803418580442669,"w":0.9967256784439087},"size":0.9161531329154968,"orthographic":false}