{"cameraMode":{"drawMode":0,"name":"Shaded","section":"Shading Mode"},"sceneLighting":false,"audioPlay":false,"sceneViewState":{"showFog":true,"showMaterialUpdate":false,"showSkybox":false,"showFlares":true,"showImageEffects":true,"showParticleSystems":true},"in2DMode":false,"pivot":{"x":4.844721794128418,"y":6.382017135620117,"z":178.14974975585938},"rotation":{"x":0.22108013927936555,"y":0.2030821293592453,"z":-0.04710260406136513,"w":0.9527698755264282},"size":9.726964950561524,"orthographic":false}