{"cameraMode":{"drawMode":0,"name":"Shaded","section":"Shading Mode"},"sceneLighting":true,"audioPlay":false,"sceneViewState":{"showFog":true,"showMaterialUpdate":true,"showSkybox":true,"showFlares":true,"showImageEffects":true,"showParticleSystems":true},"in2DMode":false,"pivot":{"x":1.0281105041503907,"y":-65.53865814208985,"z":51.701114654541019},"rotation":{"x":0.2863839268684387,"y":-0.05722787603735924,"z":0.01793481409549713,"w":0.956358790397644},"size":31.46518325805664,"orthographic":false}