{"cameraMode":{"drawMode":0,"name":"Shaded","section":"Shading Mode"},"sceneLighting":true,"audioPlay":false,"sceneViewState":{"showFog":true,"showMaterialUpdate":true,"showSkybox":true,"showFlares":true,"showImageEffects":true,"showParticleSystems":true},"in2DMode":false,"pivot":{"x":-27.484004974365236,"y":-41.054893493652347,"z":68.75469207763672},"rotation":{"x":-0.05097779259085655,"y":-0.025481121614575387,"z":-0.0008655228884890676,"w":0.9984831213951111},"size":42.89244842529297,"orthographic":false}