{"cameraMode":{"drawMode":0,"name":"Shaded","section":"Shading Mode"},"sceneLighting":true,"audioPlay":false,"sceneViewState":{"showFog":true,"showMaterialUpdate":true,"showSkybox":true,"showFlares":true,"showImageEffects":true,"showParticleSystems":true},"in2DMode":false,"pivot":{"x":-61.9976692199707,"y":-75.78103637695313,"z":70.46743774414063},"rotation":{"x":0.2701326608657837,"y":-0.4405873119831085,"z":0.1428556740283966,"w":0.8442614078521729},"size":8.297236442565918,"orthographic":false}