{"cameraMode":{"drawMode":0,"name":"Shaded","section":"Shading Mode"},"sceneLighting":false,"audioPlay":false,"sceneViewState":{"showFog":true,"showMaterialUpdate":false,"showSkybox":false,"showFlares":true,"showImageEffects":true,"showParticleSystems":true},"in2DMode":false,"pivot":{"x":-12.350000381469727,"y":1.9088659286499024,"z":0.7099999785423279},"rotation":{"x":-0.17303980886936189,"y":0.1373107135295868,"z":-0.02580786496400833,"w":-0.9752129316329956},"size":0.8296875357627869,"orthographic":false}