{"cameraMode":{"drawMode":0,"name":"Shaded","section":"Shading Mode"},"sceneLighting":false,"audioPlay":false,"sceneViewState":{"showFog":true,"showMaterialUpdate":true,"showSkybox":false,"showFlares":true,"showImageEffects":true,"showParticleSystems":true},"in2DMode":false,"pivot":{"x":8.410038948059082,"y":31.338621139526368,"z":175.9746856689453},"rotation":{"x":0.15970563888549806,"y":0.29426950216293337,"z":-0.049588799476623538,"w":0.9410781264305115},"size":18.523290634155275,"orthographic":false}