{"cameraMode":{"drawMode":0,"name":"Shaded","section":"Shading Mode"},"sceneLighting":true,"audioPlay":false,"sceneViewState":{"showFog":false,"showMaterialUpdate":false,"showSkybox":false,"showFlares":false,"showImageEffects":false,"showParticleSystems":false},"in2DMode":false,"pivot":{"x":127.82310485839844,"y":-15.023903846740723,"z":71.75447082519531},"rotation":{"x":0.15216055512428285,"y":0.2748357653617859,"z":-0.043823160231113437,"w":0.9484586119651794},"size":23.638442993164064,"orthographic":false}