{"cameraMode":{"drawMode":0,"name":"Shaded","section":"Shading Mode"},"sceneLighting":false,"audioPlay":false,"sceneViewState":{"showFog":true,"showMaterialUpdate":true,"showSkybox":false,"showFlares":true,"showImageEffects":true,"showParticleSystems":true},"in2DMode":false,"pivot":{"x":7.484421253204346,"y":12.794004440307618,"z":165.42247009277345},"rotation":{"x":0.18985174596309663,"y":0.4187620282173157,"z":-0.08963477611541748,"w":0.8836042881011963},"size":13.092536926269532,"orthographic":false}