{"cameraMode":{"drawMode":0,"name":"Shaded","section":"Shading Mode"},"sceneLighting":false,"audioPlay":false,"sceneViewState":{"showFog":true,"showMaterialUpdate":true,"showSkybox":false,"showFlares":true,"showImageEffects":true,"showParticleSystems":true},"in2DMode":false,"pivot":{"x":-11.796459197998047,"y":4.229170799255371,"z":-1.0888004302978516},"rotation":{"x":0.18867190182209016,"y":0.088405542075634,"z":-0.016290290281176568,"w":0.9780377149581909},"size":2.5624313354492189,"orthographic":false}