{"cameraMode":{"drawMode":0,"name":"Shaded","section":"Shading Mode"},"sceneLighting":false,"audioPlay":false,"sceneViewState":{"showFog":true,"showMaterialUpdate":false,"showSkybox":false,"showFlares":true,"showImageEffects":true,"showParticleSystems":true},"in2DMode":false,"pivot":{"x":-15.033097267150879,"y":17.246503829956056,"z":-0.06837832927703858},"rotation":{"x":-0.09313064813613892,"y":-0.03076479770243168,"z":0.002879277104511857,"w":-0.9951813817024231},"size":0.6357351541519165,"orthographic":false}