{"cameraMode":{"drawMode":0,"name":"Shaded","section":"Shading Mode"},"sceneLighting":false,"audioPlay":false,"sceneViewState":{"showFog":true,"showMaterialUpdate":false,"showSkybox":false,"showFlares":true,"showImageEffects":true,"showParticleSystems":true},"in2DMode":false,"pivot":{"x":-16.297914505004884,"y":2.9063498973846437,"z":2.7044787406921388},"rotation":{"x":0.01853172294795513,"y":0.4935677945613861,"z":-0.010517548769712448,"w":0.869455873966217},"size":1.1548923254013062,"orthographic":false}