{"cameraMode":{"drawMode":0,"name":"Shaded","section":"Shading Mode"},"sceneLighting":false,"audioPlay":false,"sceneViewState":{"showFog":true,"showMaterialUpdate":false,"showSkybox":false,"showFlares":true,"showImageEffects":true,"showParticleSystems":true},"in2DMode":false,"pivot":{"x":-51.810001373291019,"y":-78.66999816894531,"z":70.0},"rotation":{"x":-0.14248999953269959,"y":0.13377687335014344,"z":-0.019441554322838784,"w":-0.9805272817611694},"size":7.497873306274414,"orthographic":false}