{"cameraMode":{"drawMode":0,"name":"Shaded","section":"Shading Mode"},"sceneLighting":true,"audioPlay":false,"sceneViewState":{"showFog":true,"showMaterialUpdate":false,"showSkybox":true,"showFlares":true,"showImageEffects":true,"showParticleSystems":true},"in2DMode":false,"pivot":{"x":-63.68288803100586,"y":-80.94898223876953,"z":74.1386947631836},"rotation":{"x":-0.0685310959815979,"y":-0.4115254580974579,"z":0.031055502593517305,"w":-0.9083049893379211},"size":7.7610626220703129,"orthographic":false}