{"cameraMode":{"drawMode":0,"name":"Shaded","section":"Shading Mode"},"sceneLighting":false,"audioPlay":false,"sceneViewState":{"showFog":true,"showMaterialUpdate":false,"showSkybox":false,"showFlares":true,"showImageEffects":true,"showParticleSystems":true},"in2DMode":false,"pivot":{"x":-15.076340675354004,"y":3.0757851600646974,"z":1.8721613883972169},"rotation":{"x":0.16307830810546876,"y":0.003267495194450021,"z":-0.0005369907594285905,"w":0.9866146445274353},"size":0.76213538646698,"orthographic":false}