{"cameraMode":{"drawMode":0,"name":"Shaded","section":"Shading Mode"},"sceneLighting":false,"audioPlay":false,"sceneViewState":{"showFog":true,"showMaterialUpdate":false,"showSkybox":false,"showFlares":true,"showImageEffects":true,"showParticleSystems":true},"in2DMode":false,"pivot":{"x":-16.265762329101564,"y":2.8626813888549806,"z":2.6943063735961916},"rotation":{"x":-0.09637734293937683,"y":0.577979326248169,"z":-0.06900154799222946,"w":-0.8074101805686951},"size":2.2621355056762697,"orthographic":false}