{"cameraMode":{"drawMode":0,"name":"Shaded","section":"Shading Mode"},"sceneLighting":true,"audioPlay":false,"sceneViewState":{"showFog":true,"showMaterialUpdate":false,"showSkybox":true,"showFlares":true,"showImageEffects":true,"showParticleSystems":true},"in2DMode":false,"pivot":{"x":21.708642959594728,"y":-78.82254028320313,"z":69.64636993408203},"rotation":{"x":0.01973307691514492,"y":-0.37704217433929446,"z":0.008040281943976879,"w":0.9259592890739441},"size":13.512051582336426,"orthographic":false}